ticker,cik,bolsa,sector,variables_descargadas,motivo_exclusion
AS,1988894,NYSE,Apparel & Other Finishd Prods of  Fabrics & Similar Matl,0,Sin datos US GAAP en SEC EDGAR (ADR o empresa extranjera)
TIGO,912958,Nasdaq,Radiotelephone Communications,0,Sin datos US GAAP en SEC EDGAR (ADR o empresa extranjera)
JHX,1159152,NYSE,"Concrete Products, Except Block & Brick",0,Sin datos US GAAP en SEC EDGAR (ADR o empresa extranjera)
QGEN,1015820,NYSE,"Biological Products, (No Diagnostic Substances)",0,Sin datos US GAAP en SEC EDGAR (ADR o empresa extranjera)
DOX,1062579,Nasdaq,Services-Computer Programming Services,0,Sin datos US GAAP en SEC EDGAR (ADR o empresa extranjera)
BIRK,1977102,NYSE,"Footwear, (No Rubber)",0,Sin datos US GAAP en SEC EDGAR (ADR o empresa extranjera)
SGHC,1878057,NYSE,Services-Miscellaneous Amusement & Recreation,0,Sin datos US GAAP en SEC EDGAR (ADR o empresa extranjera)
GLNG,1207179,Nasdaq,Water Transportation,0,Sin datos US GAAP en SEC EDGAR (ADR o empresa extranjera)
STNE,1745431,Nasdaq,Services-Computer Processing & Data Preparation,0,Sin datos US GAAP en SEC EDGAR (ADR o empresa extranjera)
STNG,1483934,NYSE,Deep Sea Foreign Transportation of  Freight,0,Sin datos US GAAP en SEC EDGAR (ADR o empresa extranjera)
TTAM,2035304,NYSE,Mining & Quarrying of  Nonmetallic Minerals (No Fuels),0,Sin datos US GAAP en SEC EDGAR (ADR o empresa extranjera)
PAGS,1712807,NYSE,Services-Computer Processing & Data Preparation,0,Sin datos US GAAP en SEC EDGAR (ADR o empresa extranjera)
DHT,1331284,NYSE,Deep Sea Foreign Transportation of  Freight,0,Sin datos US GAAP en SEC EDGAR (ADR o empresa extranjera)
AMBP,1845097,NYSE,Metal Cans,0,Sin datos US GAAP en SEC EDGAR (ADR o empresa extranjera)
TNK,1419945,NYSE,Water Transportation,0,Sin datos US GAAP en SEC EDGAR (ADR o empresa extranjera)
ZGN,1877787,NYSE,Apparel & Other Finishd Prods of  Fabrics & Similar Matl,0,Sin datos US GAAP en SEC EDGAR (ADR o empresa extranjera)
YSS,2086587,NYSE,Guided Missiles & Space Vehicles & Parts,0,Sin datos US GAAP en SEC EDGAR (ADR o empresa extranjera)
BRSL,1619762,NYSE,Services-Miscellaneous Amusement & Recreation,0,Sin datos US GAAP en SEC EDGAR (ADR o empresa extranjera)
BBUC,1871130,NYSE,Construction - Special Trade Contractors,0,Sin datos US GAAP en SEC EDGAR (ADR o empresa extranjera)
CMRE,1503584,NYSE,Deep Sea Foreign Transportation of  Freight,0,Sin datos US GAAP en SEC EDGAR (ADR o empresa extranjera)
GLOB,1557860,NYSE,Services-Computer Processing & Data Preparation,0,Sin datos US GAAP en SEC EDGAR (ADR o empresa extranjera)
FLNG,1772253,NYSE,Water Transportation,0,Sin datos US GAAP en SEC EDGAR (ADR o empresa extranjera)
SFL,1289877,NYSE,Deep Sea Foreign Transportation of  Freight,0,Sin datos US GAAP en SEC EDGAR (ADR o empresa extranjera)
LMRI,2071288,Nasdaq,Services-Medical Laboratories,0,Sin datos US GAAP en SEC EDGAR (ADR o empresa extranjera)
GENI,1834489,NYSE,Services-Miscellaneous Amusement & Recreation,0,Sin datos US GAAP en SEC EDGAR (ADR o empresa extranjera)
NVGS,1581804,NYSE,Deep Sea Foreign Transportation of  Freight,0,Sin datos US GAAP en SEC EDGAR (ADR o empresa extranjera)
RZLV,1920294,Nasdaq,"Services-Computer Programming, Data Processing, Etc.",0,Sin datos US GAAP en SEC EDGAR (ADR o empresa extranjera)
CRML,1951089,Nasdaq,Metal Mining,0,Sin datos US GAAP en SEC EDGAR (ADR o empresa extranjera)
NAT,1000177,NYSE,Water Transportation,0,Sin datos US GAAP en SEC EDGAR (ADR o empresa extranjera)
AKTS,2035832,Nasdaq,Pharmaceutical Preparations,0,Sin datos US GAAP en SEC EDGAR (ADR o empresa extranjera)
TK,911971,NYSE,Deep Sea Foreign Transportation of  Freight,0,Sin datos US GAAP en SEC EDGAR (ADR o empresa extranjera)
GSM,1639877,Nasdaq,Metal Mining,0,Sin datos US GAAP en SEC EDGAR (ADR o empresa extranjera)
DRUG,1827401,Nasdaq,Pharmaceutical Preparations,0,Sin datos US GAAP en SEC EDGAR (ADR o empresa extranjera)
VTEX,1793663,NYSE,Services-Prepackaged Software,0,Sin datos US GAAP en SEC EDGAR (ADR o empresa extranjera)
SB,1434754,NYSE,Deep Sea Foreign Transportation of  Freight,0,Sin datos US GAAP en SEC EDGAR (ADR o empresa extranjera)
HSHP,1959455,NYSE,Deep Sea Foreign Transportation of  Freight,0,Sin datos US GAAP en SEC EDGAR (ADR o empresa extranjera)
ASC,1577437,NYSE,Deep Sea Foreign Transportation of  Freight,0,Sin datos US GAAP en SEC EDGAR (ADR o empresa extranjera)
CMCL,766011,NYSE,Gold and Silver Ores,0,Sin datos US GAAP en SEC EDGAR (ADR o empresa extranjera)
PSFE,1833835,NYSE,"Services-Business Services, NEC",0,Sin datos US GAAP en SEC EDGAR (ADR o empresa extranjera)
VOXR,1907909,Nasdaq,Gold and Silver Ores,0,Sin datos US GAAP en SEC EDGAR (ADR o empresa extranjera)
NEXN,1849396,Nasdaq,"Services-Computer Programming, Data Processing, Etc.",0,Sin datos US GAAP en SEC EDGAR (ADR o empresa extranjera)
PPHC,1903508,Nasdaq,Services-Management Consulting Services,0,Sin datos US GAAP en SEC EDGAR (ADR o empresa extranjera)
LZM,1958217,NYSE,Metal Mining,0,Sin datos US GAAP en SEC EDGAR (ADR o empresa extranjera)
AFRI,1903870,Nasdaq,Grain Mill Products,0,Sin datos US GAAP en SEC EDGAR (ADR o empresa extranjera)
MDWD,1593984,Nasdaq,Medicinal Chemicals & Botanical Products,0,Sin datos US GAAP en SEC EDGAR (ADR o empresa extranjera)
RNA,2093101,Nasdaq,Pharmaceutical Preparations,0,Sin datos US GAAP en SEC EDGAR (ADR o empresa extranjera)
NNOX,1795251,Nasdaq,X-Ray Apparatus & Tubes & Related Irradiation Apparatus,0,Sin datos US GAAP en SEC EDGAR (ADR o empresa extranjera)
GAMB,1839799,Nasdaq,Services-Miscellaneous Amusement & Recreation,0,Sin datos US GAAP en SEC EDGAR (ADR o empresa extranjera)
