ticker,sector,prob_breakeven,end,fcf_operativo,burn_rate,retained_earnings,razones_favor,razones_contra
TECH,"Biological Products, (No Diagnostic Substances)",0.7809278059485824,2025-12-31,-38239010.0,38239010.0,1106819000.0,"recompra_acciones (+0.208), retained_earnings (+0.120), capex (+0.108)","gastos_sga (-0.062), utilidad_neta_lag4 (-0.044), gastos_operativos (-0.019)"
CBRL,Retail-Eating  Places,0.7636386609724688,2026-01-30,-95862000.0,95862000.0,416384000.0,"capex (+0.197), ppe_neto (+0.152), retained_earnings (+0.140)","recompra_acciones (-0.038), fcf_operativo_lag2 (-0.026), utilidad_neta (-0.021)"
TRAK,Services-Computer Processing & Data Preparation,0.758688248709392,2025-12-31,-1551958.0,1551958.0,-10263473.0,"utilidad_operativa (+0.434), utilidad_neta (+0.133), cuentas_por_pagar (+0.064)","retained_earnings (-0.078), pasivos_corrientes (-0.068), ppe_neto (-0.066)"
ELMD,Electromedical & Electrotherapeutic Apparatus,0.7499250801569198,2025-12-31,-2265000.0,2265000.0,22283000.0,"utilidad_operativa (+0.202), retained_earnings (+0.191), recompra_acciones (+0.143)","pasivos_corrientes (-0.109), ppe_neto (-0.050), goodwill (-0.030)"
MCFT,Ship & Boat Building & Repairing,0.7489499113240945,2025-12-28,-26841000.0,26841000.0,136826000.0,"retained_earnings (+0.164), capex (+0.122), recompra_acciones (+0.102)","ppe_neto (-0.077), burn_rate_cambio_pct (-0.043), activos_intangibles (-0.023)"
MTN,Services-Miscellaneous Amusement & Recreation,0.736379684265305,2026-01-31,-33316032.0,33316032.0,583001000.0,"retained_earnings (+0.147), ppe_neto (+0.131), ingresos_diferidos (+0.082)","utilidad_neta_lag2 (-0.067), caja (-0.043), caja_lag4 (-0.043)"
ETD,"Wood Household Furniture, (No Upholstered)",0.7200763679535387,2025-12-31,-11694000.0,11694000.0,780736000.0,"capex (+0.141), retained_earnings (+0.099), ppe_neto (+0.094)","gastos_sga (-0.052), recompra_acciones (-0.048), fcf_operativo_lag2 (-0.022)"
EHC,Services-Hospitals,0.7170963309937393,2025-12-31,-28900000.0,28900000.0,-1921200000.0,"ppe_neto (+0.109), utilidad_operativa (+0.106), pasivos_corrientes (+0.104)","capex (-0.103), retained_earnings (-0.045), stock_based_comp (-0.033)"
KMT,"Machine Tools, Metal Cutting Types",0.7149893708020301,2025-12-31,-28294000.0,28294000.0,1228574000.0,"recompra_acciones (+0.277), retained_earnings (+0.112), ppe_neto (+0.093)","cambio_inventario (-0.095), gastos_sga (-0.047), capex (-0.042)"
SNDA,Services-Nursing & Personal Care Facilities,0.7143515165440828,2025-12-31,-400000.0,400000.0,-461227000.0,"utilidad_operativa (+0.165), recompra_acciones (+0.146), ppe_neto (+0.118)","retained_earnings (-0.109), capex (-0.097), utilidad_neta (-0.027)"
MBUU,Ship & Boat Building & Repairing,0.7121698177334352,2025-12-31,-823000.0,823000.0,481500000.0,"capex (+0.174), retained_earnings (+0.141), ppe_neto (+0.098)","recompra_acciones (-0.023), utilidad_neta_lag4 (-0.019), utilidad_operativa (-0.017)"
STKL,Beverages,0.7114654325358023,2026-01-03,-368000.0,368000.0,-346511000.0,"capex (+0.124), ppe_neto (+0.101), gastos_sga (+0.092)","retained_earnings (-0.073), fcf_inversor (-0.030), recompra_acciones (-0.026)"
SKIL,Services-Prepackaged Software,0.7044620429241046,2025-10-31,-18859000.0,18859000.0,-1546502000.0,"cuentas_por_cobrar (+0.179), pasivos_corrientes (+0.166), recompra_acciones (+0.164)","gastos_id (-0.096), patrimonio (-0.056), capex (-0.043)"
FUN,Services-Amusement & Recreation Services,0.6999774755234054,2025-12-31,-37671010.0,37671010.0,-1670985000.0,"ppe_neto (+0.201), pasivos_corrientes (+0.149), ingresos_diferidos (+0.132)","retained_earnings (-0.066), gastos_sga (-0.061), recompra_acciones (-0.053)"
EML,"Cutlery, Handtools & General Hardware",0.6988809024012477,2026-01-03,-10520667.0,10520667.0,137492220.0,"retained_earnings (+0.184), capex (+0.108), cambio_inventario (+0.071)","ppe_neto (-0.052), burn_rate_cambio_pct (-0.026), utilidad_operativa (-0.020)"
DCI,Industrial & Commercial Fans & Blowers & Air Purifing Equip,0.6920107775872038,2026-01-31,-4900000.0,4900000.0,2747200000.0,"capex (+0.125), retained_earnings (+0.100), utilidad_operativa (+0.067)","gastos_id (-0.062), gastos_sga (-0.054), runway (-0.040)"
ODC,Miscellaneous Manufacturing Industries,0.6916824022531427,2026-01-31,-3895000.0,3895000.0,300343000.0,"capex (+0.140), retained_earnings (+0.124), utilidad_operativa (+0.085)","fcf_inversor (-0.031), gastos_sga (-0.025), utilidad_neta_lag4 (-0.022)"
EXTR,Computer Communications Equipment,0.6693711491183509,2025-12-31,-3978000.0,3978000.0,-935942000.0,"pasivos_corrientes (+0.113), utilidad_operativa (+0.101), cuentas_por_cobrar (+0.085)","capex (-0.065), gastos_id (-0.053), ppe_neto (-0.045)"
LNN,Farm Machinery & Equipment,0.6659380895634668,2025-11-30,-597000.0,597000.0,758003000.0,"retained_earnings (+0.095), utilidad_operativa (+0.091), pasivos_corrientes (+0.052)","capex (-0.089), fcf_inversor (-0.027), utilidad_neta_lag4 (-0.018)"
RCMT,Services-Help Supply Services,0.6637661576088081,2025-09-27,-1262000.0,1262000.0,4292000.0,"utilidad_neta (+0.103), utilidad_operativa (+0.099), retained_earnings (+0.078)","capex (-0.081), ppe_neto (-0.058), recompra_acciones (-0.048)"
M,Retail-Department Stores,0.6632761676414993,2025-11-01,-8000000.0,8000000.0,6226000000.0,"ingresos_diferidos (+0.242), retained_earnings (+0.126), ppe_neto (+0.086)","capex (-0.087), inventario (-0.054), impuestos_pagados (-0.044)"
INTA,Services-Prepackaged Software,0.6627406796596124,2025-12-31,-13009000.0,13009000.0,-675751000.0,"pasivos_corrientes (+0.158), cuentas_por_cobrar (+0.120), utilidad_bruta (+0.091)","capex (-0.057), ppe_neto (-0.045), gastos_id (-0.039)"
FLR,Heavy Construction Other Than Bldg Const - Contractors,0.6616488707565882,2025-12-31,-366000000.0,366000000.0,4642000000.0,"ingresos_diferidos (+0.302), retained_earnings (+0.159), ppe_neto (+0.092)","capex (-0.131), fcf_operativo (-0.028), utilidad_neta (-0.024)"
CMP,Mining & Quarrying of  Nonmetallic Minerals (No Fuels),0.659783835050983,2025-12-31,-37000000.0,37000000.0,-59000000.0,"ppe_neto (+0.166), utilidad_operativa (+0.148), cambio_inventario (+0.090)","retained_earnings (-0.089), recompra_acciones (-0.042), gastos_sga (-0.033)"
PAR,Calculating & Accounting Machines (No Electronic Computers),0.6571907056047692,2025-12-31,-11752000.0,11752000.0,-343510000.0,"recompra_acciones (+0.192), pasivos_corrientes (+0.169), utilidad_bruta (+0.106)","retained_earnings (-0.080), gastos_id (-0.068), ppe_neto (-0.049)"
MATW,Nonferrous Foundries (Castings),0.656930715808854,2025-12-31,-51992000.0,51992000.0,600502000.0,"fcf_inversor (+0.155), retained_earnings (+0.103), utilidad_operativa (+0.087)","capex (-0.104), gastos_sga (-0.060), recompra_acciones (-0.037)"
CNK,Services-Motion Picture Theaters,0.6568683597559031,2025-12-31,-18400000.0,18400000.0,-561300000.0,"utilidad_operativa (+0.137), ppe_neto (+0.126), ratio_corriente (+0.126)","retained_earnings (-0.069), capex (-0.055), recompra_acciones (-0.044)"
WS,"Steel Works, Blast Furnaces & Rolling & Finishing Mills",0.6558965151502327,2025-11-30,-29600000.0,29600000.0,203500000.0,"capex (+0.132), ppe_neto (+0.103), retained_earnings (+0.082)","gastos_sga (-0.050), recompra_acciones (-0.037), burn_rate_cambio_pct (-0.031)"
FEIM,Instruments For Meas & Testing of  Electricity & Elec Signals,0.6555986711314572,2026-01-31,-1417000.0,1417000.0,7661000.0,"retained_earnings (+0.138), utilidad_operativa (+0.136), cambio_inventario (+0.082)","ppe_neto (-0.061), capex (-0.057), pasivos_corrientes (-0.042)"
GEF,"Metal Shipping Barrels, Drums, Kegs & Pails",0.6553871627153269,2025-12-31,-24400000.0,24400000.0,3337100000.0,"fcf_inversor (+0.120), retained_earnings (+0.089), utilidad_operativa (+0.086)","capex (-0.094), gastos_sga (-0.083), caja (-0.030)"
CAL,"Footwear, (No Rubber)",0.6519076117583391,2025-11-01,-1192000.0,1192000.0,446280000.0,"utilidad_operativa (+0.086), retained_earnings (+0.080), cambio_inventario (+0.057)","capex (-0.083), gastos_sga (-0.043), recompra_acciones (-0.039)"
ELA,Retail-Jewelry Stores,0.6486898860222112,2025-12-31,-3545544.0,3545544.0,25381380.0,"retained_earnings (+0.154), utilidad_operativa (+0.153), utilidad_neta (+0.104)","pasivos_corrientes (-0.075), capex (-0.056), ppe_neto (-0.051)"
ACLS,"Special Industry Machinery, NEC",0.6476187940340417,2025-12-31,-6567000.0,6567000.0,488771000.0,"retained_earnings (+0.110), utilidad_operativa (+0.083), utilidad_bruta (+0.065)","capex (-0.052), gastos_id (-0.046), ppe_neto (-0.046)"
FRD,"Steel Works, Blast Furnaces & Rolling & Finishing Mills",0.6471024754788974,2025-12-31,-4748000.0,4748000.0,110712000.0,"retained_earnings (+0.127), utilidad_operativa (+0.111), utilidad_neta (+0.086)","capex (-0.091), recompra_acciones (-0.050), fcf_inversor (-0.032)"
PAMT,Trucking (No Local),0.6466309447161487,2025-12-31,-5807000.0,5807000.0,226753000.0,"retained_earnings (+0.143), ppe_neto (+0.108), pasivos_corrientes (+0.090)","capex (-0.141), recompra_acciones (-0.062), fcf_inversor (-0.034)"
LAKE,"Orthopedic, Prosthetic & Surgical Appliances & Supplies",0.6450033440912857,2025-10-31,-5096000.0,5096000.0,30360000.0,"retained_earnings (+0.210), cambio_inventario (+0.093), capex (+0.076)","ppe_neto (-0.053), recompra_acciones (-0.048), utilidad_operativa (-0.025)"
KALU,Rolling Drawing & Extruding of  Nonferrous Metals,0.6442190780342558,2025-12-31,-20600000.0,20600000.0,127100000.0,"ppe_neto (+0.140), retained_earnings (+0.094), utilidad_operativa (+0.085)","cambio_inventario (-0.075), capex (-0.041), ratio_deuda (-0.030)"
AIR,Aircraft & Parts,0.644204112463513,2025-11-30,-34700000.0,34700000.0,1038400000.0,"retained_earnings (+0.113), cambio_inventario (+0.091), ppe_neto (+0.071)","recompra_acciones (-0.044), gastos_sga (-0.043), fcf_inversor (-0.027)"
CRAI,Services-Legal Services,0.6441291847199538,2026-01-03,-27311000.0,27311000.0,211660000.0,"capex (+0.163), retained_earnings (+0.075), utilidad_operativa (+0.075)","ppe_neto (-0.065), gastos_sga (-0.034), utilidad_neta_lag4 (-0.018)"
WWW,"Footwear, (No Rubber)",0.6401793693250505,2026-01-03,-40100000.0,40100000.0,893900000.0,"capex (+0.111), retained_earnings (+0.083), utilidad_operativa (+0.065)","cambio_inventario (-0.158), gastos_sga (-0.036), fcf_inversor (-0.027)"
FIP,"Railroads, Line-Haul Operating",0.6373380234628605,2025-12-31,-2753000.0,2753000.0,-438640000.0,"ppe_neto (+0.160), pasivos_corrientes (+0.151), ratio_corriente (+0.108)","retained_earnings (-0.095), capex (-0.095), recompra_acciones (-0.056)"
EWCZ,Services-Personal Services,0.6363526856100215,2026-01-03,-3507000.0,3507000.0,-110878000.0,"recompra_acciones (+0.310), utilidad_operativa (+0.180), pasivos_corrientes (+0.084)","patrimonio (-0.100), retained_earnings (-0.097), ppe_neto (-0.077)"
SCHL,Books: Publishing or  Publishing & Printing,0.635705590200359,2026-02-28,-30500000.0,30500000.0,1032100000.0,"retained_earnings (+0.115), fcf_inversor (+0.097), pasivos_corrientes (+0.084)","capex (-0.116), gastos_sga (-0.077), utilidad_operativa (-0.043)"
MTUS,"Steel Works, Blast Furnaces & Rolling Mills (Coke Ovens)",0.6350644987950436,2025-12-31,-1900000.0,1900000.0,-39300000.0,"utilidad_operativa (+0.128), ppe_neto (+0.088), pasivos_corrientes (+0.088)","retained_earnings (-0.063), capex (-0.050), recompra_acciones (-0.034)"
SPWR,Construction - Special Trade Contractors,0.6341274163519068,2025-09-28,-6356000.0,6356000.0,-442578000.0,"pasivos_corrientes (+0.126), cuentas_por_cobrar (+0.105), ratio_deuda (+0.069)","retained_earnings (-0.065), patrimonio (-0.062), capex (-0.055)"
RAMP,Services-Computer Processing & Data Preparation,0.6339242922379955,2025-12-31,-4681000.0,4681000.0,1388398000.0,"utilidad_operativa (+0.089), retained_earnings (+0.073), utilidad_bruta (+0.060)","capex (-0.053), ppe_neto (-0.051), caja (-0.043)"
FLXS,Household Furniture,0.6335737050640857,2025-12-31,-31858000.0,31858000.0,202221000.0,"retained_earnings (+0.134), gastos_sga (+0.109), utilidad_operativa (+0.081)","ppe_neto (-0.070), fcf_inversor (-0.041), recompra_acciones (-0.031)"
FLS,Pumps & Pumping Equipment,0.6318734332609492,2025-12-31,-173984.0,173984.0,4317965000.0,"retained_earnings (+0.121), utilidad_operativa (+0.077), cambio_inventario (+0.074)","gastos_sga (-0.064), ingresos (-0.034), capex (-0.032)"
NX,Rolling Drawing & Extruding of  Nonferrous Metals,0.6307789692934475,2026-01-31,-20208000.0,20208000.0,156963000.0,"ppe_neto (+0.093), retained_earnings (+0.090), utilidad_operativa (+0.081)","capex (-0.102), gastos_sga (-0.061), recompra_acciones (-0.056)"
ULCC,"Air Transportation, Scheduled",0.6300603684541002,2025-12-31,-91000000.0,91000000.0,6000000.0,"retained_earnings (+0.089), utilidad_operativa (+0.079), ppe_neto (+0.071)","recompra_acciones (-0.056), caja (-0.039), utilidad_neta_lag2 (-0.025)"
BRBR,Food and Kindred Products,0.6298852449043955,2025-12-31,-3100000.0,3100000.0,316300000.0,"utilidad_operativa (+0.083), ratio_deuda (+0.064), retained_earnings (+0.058)","cambio_inventario (-0.103), patrimonio (-0.062), ppe_neto (-0.059)"
ANDE,Wholesale-Farm Product Raw Materials,0.6295724658373265,2025-12-31,-6185008.0,6185008.0,978717000.0,"ppe_neto (+0.091), utilidad_operativa (+0.085), retained_earnings (+0.074)","cambio_inventario (-0.126), capex (-0.051), recompra_acciones (-0.046)"
AAL,"Air Transportation, Scheduled",0.6284192212620925,2025-12-31,-273999870.0,273999870.0,-6831000000.0,"ppe_neto (+0.140), utilidad_operativa (+0.110), pasivos_corrientes (+0.075)","patrimonio (-0.103), deuda_largo_plazo (-0.040), caja (-0.036)"
XOMA,Pharmaceutical Preparations,0.628259894539906,2025-12-31,-5501000.0,5501000.0,-1213866000.0,"utilidad_operativa (+0.278), utilidad_neta (+0.087), gastos_id (+0.043)","retained_earnings (-0.043), ppe_neto (-0.038), capex (-0.030)"
GCO,Retail-Shoe Stores,0.6264614226984564,2025-11-01,-12904000.0,12904000.0,218286000.0,"utilidad_operativa (+0.083), retained_earnings (+0.076), ppe_neto (+0.068)","cambio_inventario (-0.124), capex (-0.059), recompra_acciones (-0.048)"
ACHC,"Services-Specialty Outpatient Facilities, NEC",0.6226566888912862,2025-12-31,-86293010.0,86293010.0,411674000.0,"ppe_neto (+0.147), retained_earnings (+0.101), utilidad_operativa (+0.074)","capex (-0.124), recompra_acciones (-0.062), fcf_inversor (-0.041)"
CVGW,Agricultural Services,0.6198672399305336,2026-01-31,-8658000.0,8658000.0,24996000.0,"retained_earnings (+0.145), gastos_id (+0.051), utilidad_neta (+0.048)","capex (-0.078), gastos_sga (-0.035), fcf_inversor (-0.033)"
USNA,Medicinal Chemicals & Botanical Products,0.6177560444137054,2026-01-03,-3390000.0,3390000.0,467495000.0,"retained_earnings (+0.119), utilidad_operativa (+0.098), pasivos_corrientes (+0.054)","capex (-0.081), gastos_sga (-0.045), recompra_acciones (-0.044)"
OXM,"Men's & Boys' Furnishgs, Work Clothg, & Allied Garments",0.6172537046742692,2025-11-01,-9090000.0,9090000.0,313568000.0,"retained_earnings (+0.106), cambio_inventario (+0.097), ppe_neto (+0.090)","capex (-0.113), gastos_sga (-0.062), recompra_acciones (-0.048)"
AIT,"Wholesale-Machinery, Equipment & Supplies",0.6161721880810799,2025-12-31,-3908000.0,3908000.0,2626827000.0,"retained_earnings (+0.124), fcf_inversor (+0.089), utilidad_operativa (+0.083)","capex (-0.075), gastos_sga (-0.068), caja (-0.054)"
KE,Printed Circuit Boards,0.6154447924956328,2025-12-31,-59989000.0,59989000.0,347271000.0,"recompra_acciones (+0.122), retained_earnings (+0.095), ppe_neto (+0.084)","cambio_inventario (-0.091), capex (-0.072), gastos_sga (-0.041)"
IIIN,"Steel Works, Blast Furnaces & Rolling & Finishing Mills",0.6151989726627447,2025-12-27,-701000.0,701000.0,249750000.0,"retained_earnings (+0.163), pasivos_corrientes (+0.061), utilidad_neta (+0.052)","cambio_inventario (-0.064), capex (-0.046), gastos_sga (-0.038)"
AVO,Agricultural Services,0.6136239770970614,2026-01-31,-3000000.0,3000000.0,338600000.0,"ppe_neto (+0.111), utilidad_operativa (+0.095), retained_earnings (+0.094)","capex (-0.107), gastos_sga (-0.045), recompra_acciones (-0.044)"
ASTH,Services-Management Consulting Services,0.6123538553949819,2025-12-31,-2886000.0,2886000.0,302486000.0,"utilidad_operativa (+0.084), retained_earnings (+0.077), pasivos_corrientes (+0.055)","capex (-0.090), ppe_neto (-0.065), caja (-0.035)"
FN,Telephone & Telegraph Apparatus,0.611982620085357,2025-12-26,-50258990.0,50258990.0,2301851000.0,"recompra_acciones (+0.197), retained_earnings (+0.090), utilidad_operativa (+0.076)","cambio_inventario (-0.130), capex (-0.055), caja (-0.039)"
BGS,Food and Kindred Products,0.607463315294098,2026-01-03,-29518000.0,29518000.0,464971000.0,"retained_earnings (+0.088), utilidad_operativa (+0.082), ppe_neto (+0.061)","cambio_inventario (-0.134), capex (-0.087), utilidad_neta_lag4 (-0.040)"
GEO,General Bldg Contractors - Residential Bldgs,0.6072149983446209,2025-12-31,-117337000.0,117337000.0,262486000.0,"ppe_neto (+0.155), retained_earnings (+0.087), utilidad_operativa (+0.072)","capex (-0.133), fcf_inversor (-0.042), caja_cambio_pct (-0.038)"
SKYT,Semiconductors & Related Devices,0.6035949080973464,2025-12-28,-36073000.0,36073000.0,-7276000.0,"pasivos_corrientes (+0.091), ratio_corriente (+0.083), cuentas_por_cobrar (+0.082)","capex (-0.107), recompra_acciones (-0.054), retained_earnings (-0.050)"
WNC,Truck Trailers,0.6026463453782516,2025-12-31,-57434000.0,57434000.0,356964000.0,"retained_earnings (+0.114), cambio_inventario (+0.089), ppe_neto (+0.076)","capex (-0.135), gastos_sga (-0.075), recompra_acciones (-0.056)"
MHO,Operative Builders,0.6002342207892774,2025-12-31,-8707008.0,8707008.0,3204043000.0,"retained_earnings (+0.115), utilidad_operativa (+0.084), cambio_inventario (+0.055)","capex (-0.085), ppe_neto (-0.078), fcf_inversor (-0.040)"
